UNITID,Name,women president duration,women president in system,women president 2012-2019,women president before 2012,women president ever
200697,Air Force Institute of Technology-Graduate School of Engineering & Management,0,,0,0,0
131159,American University,2017每present,,1,0,1
104151,Arizona State University Campus Immersion,0,,0,0,0
483124,Arizona State University Digital Immersion,0,,0,0,0
448886,Arizona State University-Downtown Phoenix,0,,0,0,0
106458,Arkansas State University,0,,0,0,0
100858,Auburn University,0,,0,0,0
109785,Azusa Pacific University,0,,0,0,0
150136,Ball State University,2004-2014,,1,1,1
223232,Baylor University,2017每present,,1,0,1
196079,Binghamton University,0,,0,0,0
142115,Boise State University,0,,0,0,0
164924,Boston College,0,,0,0,0
164988,Boston University,0,,0,0,0
201441,Bowling Green State University-Main Campus,2011-2017,,1,1,1
165015,Brandeis University,0,,0,0,0
230038,Brigham Young University-Provo,0,,0,0,0
217156,Brown University,"2001-2012, 2012-present",,1,1,1
110404,California Institute of Technology,0,,0,0,0
211440,Carnegie Mellon University,0,,0,0,0
201645,Case Western Reserve University,2007-2020,,1,1,1
169248,Central Michigan University,0,,0,0,0
111948,Chapman University,0,,0,0,0
112251,Claremont Graduate University,1999-2013,,1,1,1
138947,Clark Atlanta University,0,,0,0,0
165334,Clark University,0,,0,0,0
190044,Clarkson University,0,,0,0,0
217882,Clemson University,0,,0,0,0
202134,Cleveland State University,0,,0,0,0
126775,Colorado School of Mines,0,,0,0,0
126818,Colorado State University-Fort Collins,2019-present,,1,0,1
190150,Columbia University in the City of New York,0,,0,0,0
190415,Cornell University,0,,0,0,0
190567,CUNY City College,0,,0,0,0
190576,CUNY Graduate School and University Center,0,,0,0,0
182670,Dartmouth College,0,,0,0,0
130934,Delaware State University,0,,0,0,0
144740,DePaul University,0,,0,0,0
212054,Drexel University,0,,0,0,0
198419,Duke University,1993-2004,,0,1,1
212106,Duquesne University,0,,0,0,0
198464,East Carolina University,0,,0,0,0
220075,East Tennessee State University,0,,0,0,0
169798,Eastern Michigan University,0,,0,0,0
139658,Emory University,2016-2020,,1,0,1
133650,Florida Agricultural and Mechanical University,2014-2016,,1,0,1
133669,Florida Atlantic University,2010-2013,,1,1,1
133881,Florida Institute of Technology,0,,0,0,0
133951,Florida International University,0,,0,0,0
134097,Florida State University,0,,0,0,0
191241,Fordham University,0,,0,0,0
131450,Gallaudet University,0,,0,0,0
232186,George Mason University,0,,0,0,0
131469,George Washington University,0,,0,0,0
131496,Georgetown University,0,,0,0,0
139755,Georgia Institute of Technology-Main Campus,0,,0,0,0
139931,Georgia Southern University,0,,0,0,0
139940,Georgia State University,0,,0,0,0
232265,Hampton University,0,,0,0,0
166027,Harvard University,2007-2018,,1,1,1
131520,Howard University,0,,0,0,0
142276,Idaho State University,0,,0,0,0
145725,Illinois Institute of Technology,0,,0,0,0
145813,Illinois State University,0,,0,0,0
151351,Indiana University-Bloomington,0,,0,0,0
151111,Indiana University-Purdue University-Indianapolis,0,,0,0,0
153603,Iowa State University,2017-present,,1,0,1
175856,Jackson State University,2010-2016,,1,1,1
162928,Johns Hopkins University,0,,0,0,0
155399,Kansas State University,0,,0,0,0
486840,Kennesaw State University,0,,0,0,0
203517,Kent State University at Kent,0,,0,0,0
213543,Lehigh University,0,,0,0,0
159391,Louisiana State University and Agricultural & Mechanical College,0,,0,0,0
159647,Louisiana Tech University,0,,0,0,0
117946,Loyola Marymount University,0,,0,0,0
146719,Loyola University Chicago,0,,0,0,0
239105,Marquette University,0,,0,0,0
237525,Marshall University,0,,0,0,0
166683,Massachusetts Institute of Technology,2004-2012,,1,1,1
140447,Mercer University,0,,0,0,0
204024,Miami University-Oxford,0,,0,0,0
171100,Michigan State University,2005每2018,,1,1,1
171128,Michigan Technological University,0,,0,0,0
176080,Mississippi State University,0,,0,0,0
178411,Missouri University of Science and Technology,2012每2017,,1,0,1
180461,Montana State University,2010每present,,1,1,1
185590,Montclair State University,0,,0,0,0
163453,Morgan State University,0,,0,0,0
185828,New Jersey Institute of Technology,0,,0,0,0
188030,New Mexico State University-Main Campus,2010每present,,1,1,1
193900,New York University,0,,0,0,0
199102,North Carolina A & T State University,0,,0,0,0
199193,North Carolina State University at Raleigh,1998每2004,,0,1,1
200332,North Dakota State University-Main Campus,0,,0,0,0
167358,Northeastern University,0,,0,0,0
105330,Northern Arizona University,0,,0,0,0
147703,Northern Illinois University,0,,0,0,0
147767,Northwestern University,"2022, president-elect",,0,0,1
136215,Nova Southeastern University,0,,0,0,0
171571,Oakland University,2017每present,,1,0,1
204796,Ohio State University-Main Campus,2020每present,,0,0,1
204857,Ohio University-Main Campus,0,,0,0,0
207388,Oklahoma State University-Main Campus,0,,0,0,0
232982,Old Dominion University,0,,0,0,0
209542,Oregon State University,0,,0,0,0
214777,Pennsylvania State University-Main Campus,"2021, president-elect",,0,0,1
243081,Ponce Health Sciences University,0,,0,0,0
209807,Portland State University,0,,0,0,0
186131,Princeton University,2001每2013,,1,1,1
243780,Purdue University-Main Campus,2007-2012,,1,1,1
194824,Rensselaer Polytechnic Institute,1999每present,,1,1,1
227757,Rice University,0,,0,0,0
195003,Rochester Institute of Technology,0,,0,0,0
195049,Rockefeller University,0,,0,0,0
184782,Rowan University,0,,0,0,0
186371,Rutgers University-Camden,0,2014每present,1,0,1
186380,Rutgers University-New Brunswick,0,2014每present,1,0,1
186399,Rutgers University-Newark,0,2014每present,1,0,1
179159,Saint Louis University,0,,0,0,0
122409,San Diego State University,0,,0,0,0
186584,Seton Hall University,0,,0,0,0
219356,South Dakota State University,0,,0,0,0
149222,Southern Illinois University-Carbondale,0,,0,0,0
228246,Southern Methodist University,0,,0,0,0
243744,Stanford University,0,,0,0,0
186867,Stevens Institute of Technology,0,,0,0,0
196097,Stony Brook University,0,,0,0,0
196060,SUNY at Albany,0,2009-2017,1,1,1
196103,SUNY College of Environmental Science and Forestry,0,2009-2017,1,1,1
196413,Syracuse University,2004-2013,,1,1,1
196468,Teachers College at Columbia University,0,,0,0,0
216339,Temple University,2006-2012,,1,1,1
221838,Tennessee State University,2013-present,,1,0,1
221847,Tennessee Technological University,0,,0,0,0
228723,Texas A & M University-College Station,0,2008-2009,1,0,1
224147,Texas A & M University-Corpus Christi,2017-present,2008-2009,1,1,1
228705,Texas A & M University-Kingsville,0,2008-2009,1,0,1
228875,Texas Christian University,0,,0,0,0
229063,Texas Southern University,2021-present,,0,0,1
228459,Texas State University,2002-present,,1,1,1
229115,Texas Tech University,0,,0,0,0
131283,The Catholic University of America,0,,0,0,0
193654,The New School,0,,0,0,0
495767,The Pennsylvania State University,"2021, president-elect",,0,0,1
100751,The University of Alabama,0,,0,0,0
180489,The University of Montana,0,,0,0,0
221759,The University of Tennessee-Knoxville,2017-2018,,0,1,1
228769,The University of Texas at Arlington,0,,0,0,0
228778,The University of Texas at Austin,1974-1979,,1,0,1
228787,The University of Texas at Dallas,0,,0,0,0
228796,The University of Texas at El Paso,1988-2019,,1,1,1
229027,The University of Texas at San Antonio,0,,0,0,0
227368,The University of Texas Rio Grande Valley,0,,0,0,0
216366,Thomas Jefferson University,0,,0,0,0
168148,Tufts University,0,,0,0,0
160755,Tulane University of Louisiana,0,,0,0,0
196088,University at Buffalo,0,,0,0,0
200800,University of Akron Main Campus,0,,0,0,0
100663,University of Alabama at Birmingham,0,,0,0,0
100706,University of Alabama in Huntsville,0,,0,0,0
102614,University of Alaska Fairbanks,0,,1,0,1
104179,University of Arizona,2012-present,,1,0,1
106397,University of Arkansas,2019-present,,1,0,1
106245,University of Arkansas at Little Rock,2019-present,,1,0,1
110635,University of California-Berkeley,0,2013每2020,1,0,1
110644,University of California-Davis,2009-2016,2013每2020,1,1,1
110653,University of California-Irvine,0,2013每2020,1,0,1
110662,University of California-Los Angeles,0,2013每2020,1,0,1
445188,University of California-Merced,0,2013每2020,1,0,1
110671,University of California-Riverside,2012-present,2013每2020,1,0,1
110680,University of California-San Diego,2004-2012,2013每2020,1,1,1
110705,University of California-Santa Barbara,1987-1994,2013每2020,1,1,1
110714,University of California-Santa Cruz,2005-2006,2013每2020,1,1,1
132903,University of Central Florida,0,,0,0,0
144050,University of Chicago,1978-1993,,1,0,1
201885,University of Cincinnati-Main Campus,0,,0,0,0
126614,University of Colorado Boulder,0,,0,0,0
126580,University of Colorado Colorado Springs,0,,0,0,0
126562,University of Colorado Denver/Anschutz Medical Campus,0,,0,0,0
129020,University of Connecticut,2011-present,,1,1,1
202480,University of Dayton,0,,0,0,0
130943,University of Delaware,0,,0,0,0
127060,University of Denver,2014-present,,1,0,1
134130,University of Florida,0,,0,0,0
139959,University of Georgia,0,,0,0,0
141574,University of Hawaii at Manoa,2007-2012,2009每2013,1,1,1
225511,University of Houston,2008-present,,1,1,1
142285,University of Idaho,0,,0,0,0
145600,University of Illinois Chicago,2009-2015,,1,1,1
145637,University of Illinois Urbana-Champaign,2011-2015,,1,1,1
153658,University of Iowa,"1995-2002, 2007-2015, 2021-present",,1,1,1
155317,University of Kansas,2009-2017,,1,1,1
157085,University of Kentucky,0,,0,0,0
160658,University of Louisiana at Lafayette,0,2010-present,1,1,1
157289,University of Louisville,2018-present,,1,0,1
161253,University of Maine,0,,0,0,0
163338,University of Maryland Eastern Shore,0,,0,0,0
163268,University of Maryland-Baltimore County,0,,0,0,0
163286,University of Maryland-College Park,0,,0,0,0
166629,University of Massachusetts-Amherst,0,,0,0,0
166638,University of Massachusetts-Boston,0,,0,0,0
167987,University of Massachusetts-Dartmouth,0,,0,0,0
166513,University of Massachusetts-Lowell,2015-present,,1,0,1
220862,University of Memphis,2001-2013,,1,1,1
135726,University of Miami,2001-2015,,1,1,1
170976,University of Michigan-Ann Arbor,2002-2014,,1,1,1
174066,University of Minnesota-Twin Cities,2019-present,,1,0,1
176017,University of Mississippi,0,,0,0,0
178396,University of Missouri-Columbia,1978-1979,,0,1,1
178402,University of Missouri-Kansas City,0,,0,0,0
178420,University of Missouri-St Louis,0,,0,0,0
181394,University of Nebraska at Omaha,0,,0,0,0
181464,University of Nebraska-Lincoln,0,,0,0,0
182281,University of Nevada-Las Vegas,0,,0,0,0
182290,University of Nevada-Reno,0,,0,0,0
161457,University of New England,"1995-2006, 2006-2017",,1,1,1
183044,University of New Hampshire-Main Campus,2002-2006,,0,1,1
187985,University of New Mexico-Main Campus,0,,0,0,0
159939,University of New Orleans,0,,0,0,0
199120,University of North Carolina at Chapel Hill,2013-2019,1997-2016,1,1,1
199139,University of North Carolina at Charlotte,0,1997-2016,1,1,1
199148,University of North Carolina at Greensboro,2008-2015,1997-2016,1,1,1
199218,University of North Carolina Wilmington,0,1997-2016,1,1,1
200280,University of North Dakota,0,,0,0,0
227216,University of North Texas,0,,0,0,0
152080,University of Notre Dame,0,,0,0,0
207500,University of Oklahoma-Norman Campus,0,,0,0,0
209551,University of Oregon,0,,0,0,0
215062,University of Pennsylvania,2004-present,,1,1,1
215293,University of Pittsburgh-Pittsburgh Campus,0,,0,0,0
243221,University of Puerto Rico-Rio Piedras,0,,0,0,0
217484,University of Rhode Island,0,,0,0,0
195030,University of Rochester,2019-present,,1,0,1
122436,University of San Diego,0,,0,0,0
102094,University of South Alabama,0,,0,0,0
218663,University of South Carolina-Columbia,0,,0,0,0
219471,University of South Dakota,0,,0,0,0
137351,University of South Florida,2000-2019,,1,1,1
123961,University of Southern California,2019-present,,1,0,1
176372,University of Southern Mississippi,0,,0,0,0
206084,University of Toledo,0,,0,0,0
207971,University of Tulsa,0,,0,0,0
230764,University of Utah,2018-present,,1,0,1
231174,University of Vermont,0,,0,0,0
234076,University of Virginia-Main Campus,2010-2018,,1,1,1
236948,University of Washington-Seattle Campus,2015-present,,1,0,1
240444,University of Wisconsin-Madison,"1988-1993, 2008-2011, 2013-present",,1,1,1
240453,University of Wisconsin-Milwaukee,0,,0,0,0
240727,University of Wyoming,0,,0,0,0
230728,Utah State University,0,,0,0,0
221999,Vanderbilt University,0,,0,0,0
216597,Villanova University,0,,0,0,0
234030,Virginia Commonwealth University,0,,0,0,0
233921,Virginia Polytechnic Institute and State University,0,,0,0,0
199847,Wake Forest University,0,,0,0,0
236939,Washington State University,0,,0,0,0
179867,Washington University in St Louis,0,,0,0,0
172644,Wayne State University,0,,0,0,0
238032,West Virginia University,0,,0,0,0
172699,Western Michigan University,0,,0,0,0
156125,Wichita State University,0,,0,0,0
231624,William & Mary,0,,0,0,0
168421,Worcester Polytechnic Institute,0,,0,0,0
206604,Wright State University-Main Campus,2017-present,,1,0,1
130794,Yale University,0,,0,0,0
197708,Yeshiva University,0,,0,0,0
